# entity_file	current_table	new_table	schema	status	note
/Users/justin/Projects/next-backend-entity-schema/bomapp-domain/rds/src/main/java/kr/co/bomapp/domain/rds/alimtalk/condition/AlimTalkSendCondition.java	alimtalk_send_condition	alimtalk_send_condition	messaging	clear	rename_map 확정 (변경없음)
/Users/justin/Projects/next-backend-entity-schema/bomapp-domain/rds/src/main/java/kr/co/bomapp/domain/rds/alimtalk/payload/model/TotalRemainPaymentPayload.java	alimtalk_total_remain_payload	alimtalk_total_remain_payload	bomapp_member	gap-retained	물리 잔류 확정(DMS 복제설정·신규 V1 DDL 미포함, 2026-07-14). 향후 서비스 스키마 분리 필요 시 DMS/rename_map 추가 후 재배정.
/Users/justin/Projects/next-backend-entity-schema/bomapp-domain/rds/src/main/java/kr/co/bomapp/domain/rds/alimtalk/queue/model/AlimtalkMessageQueue.java	alimtalk_message_queue	alimtalk_message_queue	messaging	clear	rename_map 확정 (변경없음)
/Users/justin/Projects/next-backend-entity-schema/bomapp-domain/rds/src/main/java/kr/co/bomapp/domain/rds/alimtalk/recipient/model/AlimTalkRecipient.java	alimtalk_recipient	alimtalk_recipient	messaging	clear	rename_map 확정 (변경없음)
/Users/justin/Projects/next-backend-entity-schema/bomapp-domain/rds/src/main/java/kr/co/bomapp/domain/rds/alimtalk/recipientextraction/AlimtalkRecipientExtractionJob.java	alimtalk_recipient_extraction_job	alimtalk_recipient_extraction_job	messaging	clear	rename_map 확정 (변경없음)
/Users/justin/Projects/next-backend-entity-schema/bomapp-domain/rds/src/main/java/kr/co/bomapp/domain/rds/alimtalk/setting/model/AlimTalkMessageSetting.java	alimtalk_message_setting	alimtalk_message_setting	messaging	clear	rename_map 확정 (변경없음)
/Users/justin/Projects/next-backend-entity-schema/bomapp-domain/rds/src/main/java/kr/co/bomapp/domain/rds/audience/AudienceSegment.java	audience_segment	audience_segment	bomapp_member	gap-retained	물리 잔류 확정(DMS 복제설정·신규 V1 DDL 미포함, 2026-07-14). 향후 서비스 스키마 분리 필요 시 DMS/rename_map 추가 후 재배정.
/Users/justin/Projects/next-backend-entity-schema/bomapp-domain/rds/src/main/java/kr/co/bomapp/domain/rds/audience/AudienceSegmentHistory.java	audience_segment_history	audience_segment_history	bomapp_member	gap-retained	물리 잔류 확정(DMS 복제설정·신규 V1 DDL 미포함, 2026-07-14). 향후 서비스 스키마 분리 필요 시 DMS/rename_map 추가 후 재배정.
/Users/justin/Projects/next-backend-entity-schema/bomapp-domain/rds/src/main/java/kr/co/bomapp/domain/rds/bomapp/analysissurvey/AnalysisSurvey.java	analysis_survey	analysis_survey	bomapp	clear	rename_map 확정 (변경없음)
/Users/justin/Projects/next-backend-entity-schema/bomapp-domain/rds/src/main/java/kr/co/bomapp/domain/rds/bomapp/analysissurvey/children/AnalysisSurveyChildren.java	analysis_survey_children	analysis_survey_children	bomapp	clear	rename_map 확정 (변경없음)
/Users/justin/Projects/next-backend-entity-schema/bomapp-domain/rds/src/main/java/kr/co/bomapp/domain/rds/bomapp/car/CarInfo.java	car_info	car_info	bomapp	clear	rename_map 확정 (변경없음)
/Users/justin/Projects/next-backend-entity-schema/bomapp-domain/rds/src/main/java/kr/co/bomapp/domain/rds/bomapp/car/ContractCar.java	contract_car	contract_car	bomapp	clear	rename_map 확정 (변경없음)
/Users/justin/Projects/next-backend-entity-schema/bomapp-domain/rds/src/main/java/kr/co/bomapp/domain/rds/bomapp/car/ContractCarGuarantee.java	contract_car_guarantee	contract_car_guarantee	bomapp	clear	rename_map 확정 (변경없음)
/Users/justin/Projects/next-backend-entity-schema/bomapp-domain/rds/src/main/java/kr/co/bomapp/domain/rds/bomapp/car/MemberCreditCard.java	member_credit_card	member_credit_card	bomapp_member	gap-retained	물리 잔류 확정(DMS 복제설정·신규 V1 DDL 미포함, 2026-07-14). 향후 서비스 스키마 분리 필요 시 DMS/rename_map 추가 후 재배정.
/Users/justin/Projects/next-backend-entity-schema/bomapp-domain/rds/src/main/java/kr/co/bomapp/domain/rds/bomapp/contractcredit/ContractCredit.java	contract_credit	contract_credit	bomapp	clear	rename_map 확정 (변경없음)
/Users/justin/Projects/next-backend-entity-schema/bomapp-domain/rds/src/main/java/kr/co/bomapp/domain/rds/bomapp/contractcredit/ContractCreditItem.java	contract_credit_item	contract_credit_item	bomapp	clear	rename_map 확정 (변경없음)
/Users/justin/Projects/next-backend-entity-schema/bomapp-domain/rds/src/main/java/kr/co/bomapp/domain/rds/bomapp/contractcredit/ContractCreditStatistics.java	contract_credit_statistics	contract_credit_statistics	bomapp	clear	rename_map 확정 (변경없음)
/Users/justin/Projects/next-backend-entity-schema/bomapp-domain/rds/src/main/java/kr/co/bomapp/domain/rds/bomapp/dormant/DormantMember.java	dormant_member	dormant_member	bomapp_member	gap-retained	순수 member 상태 테이블. rename_map 미포함 = bomapp_member 잔류
/Users/justin/Projects/next-backend-entity-schema/bomapp-domain/rds/src/main/java/kr/co/bomapp/domain/rds/bomapp/fileupload/FileUpload.java	file_upload	file_upload	bomapp_member	gap-retained	순수 reference 파일업로드. bomapp_member 잔류
/Users/justin/Projects/next-backend-entity-schema/bomapp-domain/rds/src/main/java/kr/co/bomapp/domain/rds/bomapp/gnnet/GnnetHospitals.java	gnnet_hospitals	gnnet_hospitals	bomapp	clear	rename_map 확정 (변경없음)
/Users/justin/Projects/next-backend-entity-schema/bomapp-domain/rds/src/main/java/kr/co/bomapp/domain/rds/bomapp/gnnet/InsurerInspectionTime.java	insurer_inspection_time	insurer_inspection_time	bomapp	clear	rename_map 확정 (변경없음)
/Users/justin/Projects/next-backend-entity-schema/bomapp-domain/rds/src/main/java/kr/co/bomapp/domain/rds/bomapp/health/familyhealthsurvey/FamilyHealthCheckupCrypto.java	family_health_checkup_crypto	family_health_checkup_crypto	bomapp	clear	rename_map 확정 (변경없음)
/Users/justin/Projects/next-backend-entity-schema/bomapp-domain/rds/src/main/java/kr/co/bomapp/domain/rds/bomapp/health/familyhealthsurvey/FamilyHealthSurvey.java	family_health_survey	family_health_survey	bomapp	clear	rename_map 확정 (변경없음)
/Users/justin/Projects/next-backend-entity-schema/bomapp-domain/rds/src/main/java/kr/co/bomapp/domain/rds/bomapp/health/fromage/FromAgeIntervalChanges.java	from_age_interval_changes	from_age_interval_changes	bomapp	clear	rename_map 확정 (변경없음)
/Users/justin/Projects/next-backend-entity-schema/bomapp-domain/rds/src/main/java/kr/co/bomapp/domain/rds/bomapp/health/fromage/FromAgePdf.java	from_age_pdf	from_age_pdf	bomapp	clear	rename_map 확정 (변경없음)
/Users/justin/Projects/next-backend-entity-schema/bomapp-domain/rds/src/main/java/kr/co/bomapp/domain/rds/bomapp/health/fromage/FromAgeRiskDetail.java	from_age_risk_detail	from_age_risk_detail	bomapp	clear	rename_map 확정 (변경없음)
/Users/justin/Projects/next-backend-entity-schema/bomapp-domain/rds/src/main/java/kr/co/bomapp/domain/rds/bomapp/health/fromage/FromAgeRiskIncidenceRateAge.java	from_age_risk_incidence_rate_age	from_age_risk_incidence_rate_age	bomapp	clear	rename_map 확정 (변경없음)
/Users/justin/Projects/next-backend-entity-schema/bomapp-domain/rds/src/main/java/kr/co/bomapp/domain/rds/bomapp/health/fromage/FromAgeRiskResult.java	from_age_risk_result	from_age_risk_result	bomapp	clear	rename_map 확정 (변경없음)
/Users/justin/Projects/next-backend-entity-schema/bomapp-domain/rds/src/main/java/kr/co/bomapp/domain/rds/bomapp/health/fromage/LogFromAgeAnalysisResult.java	log_from_age_analysis_result	log_from_age_analysis_result	bomapp	clear	rename_map 확정 (변경없음)
/Users/justin/Projects/next-backend-entity-schema/bomapp-domain/rds/src/main/java/kr/co/bomapp/domain/rds/bomapp/health/healthcheckup/HealthCheckupCrypto.java	health_checkup_crypto	health_checkup_crypto	bomapp	clear	rename_map 확정 (변경없음)
/Users/justin/Projects/next-backend-entity-schema/bomapp-domain/rds/src/main/java/kr/co/bomapp/domain/rds/bomapp/health/healthcheckup/HealthCheckupDetailCrypto.java	health_checkup_detail_crypto	health_checkup_detail_crypto	bomapp	clear	rename_map 확정 (변경없음)
/Users/justin/Projects/next-backend-entity-schema/bomapp-domain/rds/src/main/java/kr/co/bomapp/domain/rds/bomapp/health/legacy/FromAgeIntervalChangesForLegacy.java	from_age_interval_changes	from_age_interval_changes	bomapp	clear	rename_map 확정 (변경없음)
/Users/justin/Projects/next-backend-entity-schema/bomapp-domain/rds/src/main/java/kr/co/bomapp/domain/rds/bomapp/health/legacy/FromAgeRiskIncidenceRateAgeForLegacy.java	from_age_risk_incidence_rate_age	from_age_risk_incidence_rate_age	bomapp	clear	rename_map 확정 (변경없음)
/Users/justin/Projects/next-backend-entity-schema/bomapp-domain/rds/src/main/java/kr/co/bomapp/domain/rds/bomapp/health/logagreement/LogAgreementHealth.java	log_agreement_health	log_agreement_health	bomapp	clear	rename_map 확정 (변경없음)
/Users/justin/Projects/next-backend-entity-schema/bomapp-domain/rds/src/main/java/kr/co/bomapp/domain/rds/bomapp/healthv2/coocon/model/CooconSession.java	coocon_session	coocon_session	bomapp	clear	rename_map 확정 (변경없음)
/Users/justin/Projects/next-backend-entity-schema/bomapp-domain/rds/src/main/java/kr/co/bomapp/domain/rds/bomapp/healthv2/coocon/model/LogCoocon.java	log_coocon	log_coocon	bomapp	clear	rename_map 확정 (변경없음)
/Users/justin/Projects/next-backend-entity-schema/bomapp-domain/rds/src/main/java/kr/co/bomapp/domain/rds/bomapp/healthv2/fromage/model/BiologicalAge.java	biological_age	biological_age	bomapp	clear	rename_map 확정 (변경없음)
/Users/justin/Projects/next-backend-entity-schema/bomapp-domain/rds/src/main/java/kr/co/bomapp/domain/rds/bomapp/healthv2/fromage/model/Biomarker.java	biomarker	biomarker	bomapp	clear	rename_map 확정 (변경없음)
/Users/justin/Projects/next-backend-entity-schema/bomapp-domain/rds/src/main/java/kr/co/bomapp/domain/rds/bomapp/healthv2/fromage/model/CancerAnalysisSummary.java	cancer_analysis_summary	cancer_analysis_summary	bomapp	clear	rename_map 확정 (변경없음)
/Users/justin/Projects/next-backend-entity-schema/bomapp-domain/rds/src/main/java/kr/co/bomapp/domain/rds/bomapp/healthv2/fromage/model/CancerRatePrediction.java	cancer_rate_prediction	cancer_rate_prediction	bomapp	clear	rename_map 확정 (변경없음)
/Users/justin/Projects/next-backend-entity-schema/bomapp-domain/rds/src/main/java/kr/co/bomapp/domain/rds/bomapp/healthv2/fromage/model/CancerRiskPrediction.java	cancer_risk_prediction	cancer_risk_prediction	bomapp	clear	rename_map 확정 (변경없음)
/Users/justin/Projects/next-backend-entity-schema/bomapp-domain/rds/src/main/java/kr/co/bomapp/domain/rds/bomapp/healthv2/fromage/model/DiseaseRiskPrediction.java	disease_risk_prediction	disease_risk_prediction	bomapp	clear	rename_map 확정 (변경없음)
/Users/justin/Projects/next-backend-entity-schema/bomapp-domain/rds/src/main/java/kr/co/bomapp/domain/rds/bomapp/healthv2/fromage/model/LogPdfResult.java	log_pdf_result	log_pdf_result	bomapp	clear	rename_map 확정 (변경없음)
/Users/justin/Projects/next-backend-entity-schema/bomapp-domain/rds/src/main/java/kr/co/bomapp/domain/rds/bomapp/healthv2/fromage/model/MedicalData.java	medical_data	medical_data	bomapp	clear	rename_map 확정 (변경없음)
/Users/justin/Projects/next-backend-entity-schema/bomapp-domain/rds/src/main/java/kr/co/bomapp/domain/rds/bomapp/healthv2/letter/model/HealthLetter.java	health_letter	health_letter	bomapp	clear	rename_map 확정 (변경없음)
/Users/justin/Projects/next-backend-entity-schema/bomapp-domain/rds/src/main/java/kr/co/bomapp/domain/rds/bomapp/healthv2/letter/model/HealthLetterTemplate.java	health_letter_template	health_letter_template	bomapp	clear	rename_map 확정 (변경없음)
/Users/justin/Projects/next-backend-entity-schema/bomapp-domain/rds/src/main/java/kr/co/bomapp/domain/rds/bomapp/insclaimhistory/InsClaimHistory.java	ins_claim_history	ins_claim_history	bomapp	clear	rename_map 확정 (변경없음)
/Users/justin/Projects/next-backend-entity-schema/bomapp-domain/rds/src/main/java/kr/co/bomapp/domain/rds/bomapp/insclaimmemberinfo/InsClaimMemberInfo.java	ins_claim_member_info	ins_claim_member_info	bomapp	clear	rename_map 확정 (변경없음)
/Users/justin/Projects/next-backend-entity-schema/bomapp-domain/rds/src/main/java/kr/co/bomapp/domain/rds/bomapp/inscomp/InsComp.java	ins_comp	ins_comp	bomapp	clear	rename_map 확정 (변경없음)
/Users/justin/Projects/next-backend-entity-schema/bomapp-domain/rds/src/main/java/kr/co/bomapp/domain/rds/bomapp/insuranceguarantee/contract/InsuranceGuaranteeContract.java	insurance_guarantee_contract	insurance_guarantee_contract	bomapp	clear	rename_map 확정 (변경없음)
/Users/justin/Projects/next-backend-entity-schema/bomapp-domain/rds/src/main/java/kr/co/bomapp/domain/rds/bomapp/insuranceguarantee/InsuranceGuarantee.java	insurance_guarantee	insurance_guarantee	bomapp	clear	rename_map 확정 (변경없음)
/Users/justin/Projects/next-backend-entity-schema/bomapp-domain/rds/src/main/java/kr/co/bomapp/domain/rds/bomapp/insuranceguaranteequeue/InsuranceGuaranteeRequest.java	insurance_guarantee_request	insurance_guarantee_request	bomapp	clear	rename_map 확정 (변경없음)
/Users/justin/Projects/next-backend-entity-schema/bomapp-domain/rds/src/main/java/kr/co/bomapp/domain/rds/bomapp/insuranceguaranteequeue/log/LogInsuranceGuaranteeRequest.java	log_insurance_guarantee_request	log_insurance_guarantee_request	bomapp	clear	rename_map 확정 (변경없음)
/Users/justin/Projects/next-backend-entity-schema/bomapp-domain/rds/src/main/java/kr/co/bomapp/domain/rds/bomapp/insuranceguaranteequeue/queue/InsuranceGuaranteeRequestQueue.java	insurance_guarantee_request_queue	insurance_guarantee_request_queue	bomapp	clear	rename_map 확정 (변경없음)
/Users/justin/Projects/next-backend-entity-schema/bomapp-domain/rds/src/main/java/kr/co/bomapp/domain/rds/bomapp/logagreement/AgreementHistory.java	agreement_history	agreement_history	bomapp_member	gap-retained	물리 잔류 확정(DMS 복제설정·신규 V1 DDL 미포함, 2026-07-14). 향후 서비스 스키마 분리 필요 시 DMS/rename_map 추가 후 재배정.
/Users/justin/Projects/next-backend-entity-schema/bomapp-domain/rds/src/main/java/kr/co/bomapp/domain/rds/bomapp/logagreement/LogAgreementBomapp.java	log_agreement_bomapp	log_agreement_bomapp	bomapp_member	gap-retained	순수 member 약관동의 로그. bomapp_member 잔류
/Users/justin/Projects/next-backend-entity-schema/bomapp-domain/rds/src/main/java/kr/co/bomapp/domain/rds/bomapp/logagreement/LogAgreementRelation.java	log_agreement_relation	log_agreement_relation	bomapp_member	gap-retained	순수 member 약관동의 연관 로그. bomapp_member 잔류
/Users/justin/Projects/next-backend-entity-schema/bomapp-domain/rds/src/main/java/kr/co/bomapp/domain/rds/bomapp/login/LogLogin.java	log_login	log_login	bomapp_member	gap-retained	순수 member 로그인 로그. bomapp_member 잔류
/Users/justin/Projects/next-backend-entity-schema/bomapp-domain/rds/src/main/java/kr/co/bomapp/domain/rds/bomapp/logusemobile/LogUseMobile.java	log_use_mobile	log_use_mobile	bomapp_member	gap-retained	순수 member 앱사용 로그. bomapp_member 잔류
/Users/justin/Projects/next-backend-entity-schema/bomapp-domain/rds/src/main/java/kr/co/bomapp/domain/rds/bomapp/marketing/MemberMarketing.java	member_marketing	member_marketing	bomapp_member	gap-retained	순수 member 마케팅 동의 테이블. bomapp_member 잔류
/Users/justin/Projects/next-backend-entity-schema/bomapp-domain/rds/src/main/java/kr/co/bomapp/domain/rds/bomapp/member/Member.java	member	member	bomapp_member	gap-retained	핵심 member 테이블 자체 — bomapp_member 스키마의 정의 테이블, 잔류
/Users/justin/Projects/next-backend-entity-schema/bomapp-domain/rds/src/main/java/kr/co/bomapp/domain/rds/bomapp/member/MemberGaInsuranceConsultation.java	member_ga_insurance_consultation	member_ga_insurance_consultation	bomapp_member	gap-retained	bomapp/member 패키지 내 Member.java와 동일 위치 — 핵심 member 도메인, bomapp_member 잔류
/Users/justin/Projects/next-backend-entity-schema/bomapp-domain/rds/src/main/java/kr/co/bomapp/domain/rds/bomapp/membercombinedids/MemberCombinedIds.java	member_combined_ids	member_combined_ids	bomapp_member	gap-retained	핵심 member 식별자 통합 테이블(e2e 글로벌 시드로도 사용). bomapp_member 잔류
/Users/justin/Projects/next-backend-entity-schema/bomapp-domain/rds/src/main/java/kr/co/bomapp/domain/rds/bomapp/memberdelete/MemberDeleted.java	member_deleted	member_deleted	bomapp_member	gap-retained	순수 member 탈퇴 이력. bomapp_member 잔류
/Users/justin/Projects/next-backend-entity-schema/bomapp-domain/rds/src/main/java/kr/co/bomapp/domain/rds/bomapp/memberencryptionkey/MemberEncryptionKey.java	member_encryption_key	member_encryption_key	bomapp_member	gap-retained	순수 member 암호화 키. bomapp_member 잔류
/Users/justin/Projects/next-backend-entity-schema/bomapp-domain/rds/src/main/java/kr/co/bomapp/domain/rds/bomapp/memberfamilylink/MemberFamilyLink.java	member_family_link	member_family_link	bomapp_member	gap-retained	순수 member 가족연동. bomapp_member 잔류
/Users/justin/Projects/next-backend-entity-schema/bomapp-domain/rds/src/main/java/kr/co/bomapp/domain/rds/bomapp/memberleave/MemberLeave.java	member_leave	member_leave	bomapp_member	gap-retained	순수 member 휴면/탈퇴. bomapp_member 잔류
/Users/justin/Projects/next-backend-entity-schema/bomapp-domain/rds/src/main/java/kr/co/bomapp/domain/rds/bomapp/memberloginsession/MemberLoginSession.java	member_login_session	member_login_session	bomapp_member	gap-retained	순수 member 로그인 세션. bomapp_member 잔류
/Users/justin/Projects/next-backend-entity-schema/bomapp-domain/rds/src/main/java/kr/co/bomapp/domain/rds/bomapp/memberpin/MemberPin.java	member_pin	member_pin	bomapp_member	gap-retained	순수 member PIN. bomapp_member 잔류
/Users/justin/Projects/next-backend-entity-schema/bomapp-domain/rds/src/main/java/kr/co/bomapp/domain/rds/bomapp/memberpushconfiguration/MemberPushConfiguration.java	member_push_configuration	member_push_configuration	bomapp_member	gap-retained	순수 member 푸시설정. bomapp_member 잔류
/Users/justin/Projects/next-backend-entity-schema/bomapp-domain/rds/src/main/java/kr/co/bomapp/domain/rds/bomapp/memberpushinfo/MemberPushInfo.java	member_push_info	member_push_info	bomapp_member	gap-retained	순수 member 푸시정보. bomapp_member 잔류
/Users/justin/Projects/next-backend-entity-schema/bomapp-domain/rds/src/main/java/kr/co/bomapp/domain/rds/bomapp/membersub/model/MemberSub.java	member_sub	member_sub	bomapp_member	gap-retained	물리 잔류 확정(DMS 복제설정·신규 V1 DDL 미포함, 2026-07-14). 향후 서비스 스키마 분리 필요 시 DMS/rename_map 추가 후 재배정.
/Users/justin/Projects/next-backend-entity-schema/bomapp-domain/rds/src/main/java/kr/co/bomapp/domain/rds/bomapp/memberview/MemberView.java	member_view	member_view	bomapp_member	gap-retained	순수 member 조회이력. bomapp_member 잔류
/Users/justin/Projects/next-backend-entity-schema/bomapp-domain/rds/src/main/java/kr/co/bomapp/domain/rds/bomapp/notice/Notice.java	notice	notice	bomapp_member	gap-retained	순수 reference 공지 테이블(레드민/구 관리자 연계). bomapp_member 잔류
/Users/justin/Projects/next-backend-entity-schema/bomapp-domain/rds/src/main/java/kr/co/bomapp/domain/rds/bomapp/policy/Policy.java	policy	policy	bomapp	clear	rename_map 확정 (변경없음)
/Users/justin/Projects/next-backend-entity-schema/bomapp-domain/rds/src/main/java/kr/co/bomapp/domain/rds/bomapp/policy/PolicyDetail.java	policy_detail	policy_detail	bomapp	clear	rename_map 확정 (변경없음)
/Users/justin/Projects/next-backend-entity-schema/bomapp-domain/rds/src/main/java/kr/co/bomapp/domain/rds/bomapp/policy/PolicyForLegacy.java	policy	policy	bomapp	clear	rename_map 확정 (변경없음)
/Users/justin/Projects/next-backend-entity-schema/bomapp-domain/rds/src/main/java/kr/co/bomapp/domain/rds/bomapp/question/CodeCategory.java	code_category	code_category	bomapp_member	gap-retained	순수 reference 코드 카테고리. bomapp_member 잔류
/Users/justin/Projects/next-backend-entity-schema/bomapp-domain/rds/src/main/java/kr/co/bomapp/domain/rds/bomapp/question/RedminUser.java	redmin_user	redmin_user	bomapp_member	gap-retained	PROD-BACK redmin 연계 레거시 reference. bomapp_member 잔류
/Users/justin/Projects/next-backend-entity-schema/bomapp-domain/rds/src/main/java/kr/co/bomapp/domain/rds/bomapp/question/UserQuestion.java	user_question	user_question	bomapp_member	gap-retained	순수 reference 1:1문의. bomapp_member 잔류
/Users/justin/Projects/next-backend-entity-schema/bomapp-domain/rds/src/main/java/kr/co/bomapp/domain/rds/bomapp/question/UserQuestionOld.java	user_question_old	user_question_old	bomapp_member	gap-retained	순수 reference 1:1문의(구). bomapp_member 잔류
/Users/justin/Projects/next-backend-entity-schema/bomapp-domain/rds/src/main/java/kr/co/bomapp/domain/rds/bomapp/report/model/PeerPremiumStatistics.java	peer_premium_statistics	peer_premium_statistics	bomapp	clear	rename_map 확정 (변경없음)
/Users/justin/Projects/next-backend-entity-schema/bomapp-domain/rds/src/main/java/kr/co/bomapp/domain/rds/bomapp/report/model/PopularInsuranceStatistics.java	popular_insurance_statistics	popular_insurance_statistics	bomapp	clear	rename_map 확정 (변경없음)
/Users/justin/Projects/next-backend-entity-schema/bomapp-domain/rds/src/main/java/kr/co/bomapp/domain/rds/bomapp/review/MemberReview.java	member_review	member_review	bomapp_member	gap-retained	물리 잔류 확정(DMS 복제설정·신규 V1 DDL 미포함, 2026-07-14). 향후 서비스 스키마 분리 필요 시 DMS/rename_map 추가 후 재배정.
/Users/justin/Projects/next-backend-entity-schema/bomapp-domain/rds/src/main/java/kr/co/bomapp/domain/rds/bomapp/scrap/ScrapReportIns.java	scrap_report_ins	scrap_report_ins	bomapp	clear	rename_map 확정 (변경없음)
/Users/justin/Projects/next-backend-entity-schema/bomapp-domain/rds/src/main/java/kr/co/bomapp/domain/rds/chat/model/banword/BanWord.java	ban_word	ban_word	chat	clear	rename_map 확정 (변경없음)
/Users/justin/Projects/next-backend-entity-schema/bomapp-domain/rds/src/main/java/kr/co/bomapp/domain/rds/chat/model/chatbot/ChatBotBlock.java	chat_bot_block	bot_block	chat	clear	rename_map 확정 (old=chat_bot_block)
/Users/justin/Projects/next-backend-entity-schema/bomapp-domain/rds/src/main/java/kr/co/bomapp/domain/rds/chat/model/chatbot/ChatBotBlockButton.java	chat_bot_block_button	bot_block_button	chat	clear	rename_map 확정 (old=chat_bot_block_button)
/Users/justin/Projects/next-backend-entity-schema/bomapp-domain/rds/src/main/java/kr/co/bomapp/domain/rds/chat/model/chatbot/ChatBotBlockImage.java	chat_bot_block_image	bot_block_image	chat	clear	rename_map 확정 (old=chat_bot_block_image)
/Users/justin/Projects/next-backend-entity-schema/bomapp-domain/rds/src/main/java/kr/co/bomapp/domain/rds/chat/model/chatbot/ChatBotScenario.java	chat_bot_scenario	bot_scenario	chat	clear	rename_map 확정 (old=chat_bot_scenario)
/Users/justin/Projects/next-backend-entity-schema/bomapp-domain/rds/src/main/java/kr/co/bomapp/domain/rds/chat/model/chatbot/ChatBotScenarioActivationSetting.java	chat_bot_scenario_activation_setting	bot_scenario_activation_setting	chat	clear	rename_map 확정 (old=chat_bot_scenario_activation_setting)
/Users/justin/Projects/next-backend-entity-schema/bomapp-domain/rds/src/main/java/kr/co/bomapp/domain/rds/chat/model/chatbot/ChatBotTemplate.java	chat_bot_template	bot_template	chat	clear	rename_map 확정 (old=chat_bot_template)
/Users/justin/Projects/next-backend-entity-schema/bomapp-domain/rds/src/main/java/kr/co/bomapp/domain/rds/chat/model/chatbot/ChatBotTemplateButton.java	chat_bot_template_button	bot_template_button	chat	clear	rename_map 확정 (old=chat_bot_template_button)
/Users/justin/Projects/next-backend-entity-schema/bomapp-domain/rds/src/main/java/kr/co/bomapp/domain/rds/chat/model/chatconsultationhistory/ChatConsultationHistory.java	chat_consultation_history	consultation_history	chat	clear	rename_map 확정 (old=chat_consultation_history)
/Users/justin/Projects/next-backend-entity-schema/bomapp-domain/rds/src/main/java/kr/co/bomapp/domain/rds/chat/model/chatconsultationprogress/ChatActivationHistory.java	chat_activation_history	activation_history	chat	clear	rename_map 확정 (old=chat_activation_history)
/Users/justin/Projects/next-backend-entity-schema/bomapp-domain/rds/src/main/java/kr/co/bomapp/domain/rds/chat/model/chatendmessage/ChatConsultationEndMessage.java	chat_consultation_end_message	consultation_end_message	chat	clear	rename_map 확정 (old=chat_consultation_end_message)
/Users/justin/Projects/next-backend-entity-schema/bomapp-domain/rds/src/main/java/kr/co/bomapp/domain/rds/chat/model/chatendmessagebutton/ChatConsultationEndMessageButton.java	chat_consultation_end_message_button	consultation_end_message_button	chat	clear	rename_map 확정 (old=chat_consultation_end_message_button)
/Users/justin/Projects/next-backend-entity-schema/bomapp-domain/rds/src/main/java/kr/co/bomapp/domain/rds/chat/model/chatmembertag/ChatMemberTag.java	chat_member_tag	member_tag	chat	clear	rename_map 확정 (old=chat_member_tag)
/Users/justin/Projects/next-backend-entity-schema/bomapp-domain/rds/src/main/java/kr/co/bomapp/domain/rds/chat/model/chatmessage/ChatButton.java	chat_button	button	chat	clear	rename_map 확정 (old=chat_button)
/Users/justin/Projects/next-backend-entity-schema/bomapp-domain/rds/src/main/java/kr/co/bomapp/domain/rds/chat/model/chatmessage/ChatFile.java	chat_file	file	chat	clear	rename_map 확정 (old=chat_file)
/Users/justin/Projects/next-backend-entity-schema/bomapp-domain/rds/src/main/java/kr/co/bomapp/domain/rds/chat/model/chatmessage/ChatImage.java	chat_image	image	chat	clear	rename_map 확정 (old=chat_image)
/Users/justin/Projects/next-backend-entity-schema/bomapp-domain/rds/src/main/java/kr/co/bomapp/domain/rds/chat/model/chatmessage/ChatMessage.java	chat_message	message	chat	clear	rename_map 확정 (old=chat_message)
/Users/justin/Projects/next-backend-entity-schema/bomapp-domain/rds/src/main/java/kr/co/bomapp/domain/rds/chat/model/chatmessage/ChatMessageResult.java	chat_message_result	message_result	chat	clear	rename_map 확정 (old=chat_message_result)
/Users/justin/Projects/next-backend-entity-schema/bomapp-domain/rds/src/main/java/kr/co/bomapp/domain/rds/chat/model/ChatPlannerChangSubmission.java	chat_planner_change_submission	chat_planner_change_submission		drop	사용자 확인: drop 대상, 코드 제거 머지됨
/Users/justin/Projects/next-backend-entity-schema/bomapp-domain/rds/src/main/java/kr/co/bomapp/domain/rds/chat/model/chatroom/ChatRoom.java	chat_room	room	chat	clear	rename_map 확정 (old=chat_room)
/Users/justin/Projects/next-backend-entity-schema/bomapp-domain/rds/src/main/java/kr/co/bomapp/domain/rds/chat/model/chatroom/KakaoBomappMember.java	kakao_bomapp_member	kakao_bomapp_member	bomapp_member	gap-retained	물리 잔류 확정(DMS 복제설정·신규 V1 DDL 미포함, 2026-07-14). 향후 서비스 스키마 분리 필요 시 DMS/rename_map 추가 후 재배정.
/Users/justin/Projects/next-backend-entity-schema/bomapp-domain/rds/src/main/java/kr/co/bomapp/domain/rds/chat/model/chatroommemo/ChatRoomMemo.java	chat_room_memo	room_memo	chat	clear	rename_map 확정 (old=chat_room_memo)
/Users/justin/Projects/next-backend-entity-schema/bomapp-domain/rds/src/main/java/kr/co/bomapp/domain/rds/chat/model/chatroomrequesteddata/ChatInsurer.java	w_chat_insurer	w_chat_insurer	bomapp_member	gap-retained	물리 잔류 확정(DMS 복제설정·신규 V1 DDL 미포함, 2026-07-14). 향후 서비스 스키마 분리 필요 시 DMS/rename_map 추가 후 재배정.
/Users/justin/Projects/next-backend-entity-schema/bomapp-domain/rds/src/main/java/kr/co/bomapp/domain/rds/chat/model/chatroomrequesteddata/ChatRequestedData.java	chat_room_requested_data_request	room_requested_data_request	chat	clear	rename_map 확정 (old=chat_room_requested_data_request)
/Users/justin/Projects/next-backend-entity-schema/bomapp-domain/rds/src/main/java/kr/co/bomapp/domain/rds/chat/model/chatstatus/ChatStatus.java	chat_status	status	chat	clear	rename_map 확정 (old=chat_status)
/Users/justin/Projects/next-backend-entity-schema/bomapp-domain/rds/src/main/java/kr/co/bomapp/domain/rds/chat/model/chatviewstate/ChatViewState.java	chat_view_state	view_state	chat	clear	rename_map 확정 (old=chat_view_state)
/Users/justin/Projects/next-backend-entity-schema/bomapp-domain/rds/src/main/java/kr/co/bomapp/domain/rds/chat/model/chatworkhour/ChatWorkHour.java	chat_work_hour	work_hour	chat	clear	rename_map 확정 (old=chat_work_hour)
/Users/justin/Projects/next-backend-entity-schema/bomapp-domain/rds/src/main/java/kr/co/bomapp/domain/rds/chat/model/chatworkhour/ChatWorkHourSetting.java	chat_work_hour_setting	work_hour_setting	chat	clear	rename_map 확정 (old=chat_work_hour_setting)
/Users/justin/Projects/next-backend-entity-schema/bomapp-domain/rds/src/main/java/kr/co/bomapp/domain/rds/chat/model/deployedchatbot/ChatBotScenarioDeploymentHistory.java	chat_bot_scenario_deployment_history	bot_scenario_deployment_history	chat	clear	rename_map 확정 (old=chat_bot_scenario_deployment_history)
/Users/justin/Projects/next-backend-entity-schema/bomapp-domain/rds/src/main/java/kr/co/bomapp/domain/rds/chat/model/deployedchatbot/DeployedChatBotBlock.java	deployed_chat_bot_block	deployed_bot_block	chat	clear	rename_map 확정 (old=deployed_chat_bot_block)
/Users/justin/Projects/next-backend-entity-schema/bomapp-domain/rds/src/main/java/kr/co/bomapp/domain/rds/chat/model/deployedchatbot/DeployedChatBotBlockButton.java	deployed_chat_bot_block_button	deployed_bot_block_button	chat	clear	rename_map 확정 (old=deployed_chat_bot_block_button)
/Users/justin/Projects/next-backend-entity-schema/bomapp-domain/rds/src/main/java/kr/co/bomapp/domain/rds/chat/model/deployedchatbot/DeployedChatBotBlockImage.java	deployed_chat_bot_block_image	deployed_bot_block_image	chat	clear	rename_map 확정 (old=deployed_chat_bot_block_image)
/Users/justin/Projects/next-backend-entity-schema/bomapp-domain/rds/src/main/java/kr/co/bomapp/domain/rds/chat/model/deployedchatbot/DeployedChatBotScenario.java	deployed_chat_bot_scenario	deployed_bot_scenario	chat	clear	rename_map 확정 (old=deployed_chat_bot_scenario)
/Users/justin/Projects/next-backend-entity-schema/bomapp-domain/rds/src/main/java/kr/co/bomapp/domain/rds/chat/model/template/ChatGlobalTemplate.java	chat_global_template	global_template	chat	clear	rename_map 확정 (old=chat_global_template)
/Users/justin/Projects/next-backend-entity-schema/bomapp-domain/rds/src/main/java/kr/co/bomapp/domain/rds/chat/model/template/ChatGlobalTemplateButton.java	chat_global_template_button	global_template_button	chat	clear	rename_map 확정 (old=chat_global_template_button)
/Users/justin/Projects/next-backend-entity-schema/bomapp-domain/rds/src/main/java/kr/co/bomapp/domain/rds/chat/model/template/ChatTemplate.java	chat_template	template	chat	clear	rename_map 확정 (old=chat_template)
/Users/justin/Projects/next-backend-entity-schema/bomapp-domain/rds/src/main/java/kr/co/bomapp/domain/rds/chat/model/template/ChatTemplateButton.java	chat_template_button	template_button	chat	clear	rename_map 확정 (old=chat_template_button)
/Users/justin/Projects/next-backend-entity-schema/bomapp-domain/rds/src/main/java/kr/co/bomapp/domain/rds/chat/model/template/ChatTemplateImage.java	chat_template_image	template_image	chat	clear	rename_map 확정 (old=chat_template_image)
/Users/justin/Projects/next-backend-entity-schema/bomapp-domain/rds/src/main/java/kr/co/bomapp/domain/rds/chat/model/templatecategory/ChatTemplateCategory.java	chat_template_category	template_category	chat	clear	rename_map 확정 (old=chat_template_category)
/Users/justin/Projects/next-backend-entity-schema/bomapp-domain/rds/src/main/java/kr/co/bomapp/domain/rds/chat/model/templatefavorite/ChatTemplateFavorite.java	chat_template_favorite	template_favorite	chat	clear	rename_map 확정 (old=chat_template_favorite)
/Users/justin/Projects/next-backend-entity-schema/bomapp-domain/rds/src/main/java/kr/co/bomapp/domain/rds/common/appinfo/AppInfo.java	app_info	app_info	bomapp_member	gap-retained	순수 reference 앱 정보. bomapp_member 잔류
/Users/justin/Projects/next-backend-entity-schema/bomapp-domain/rds/src/main/java/kr/co/bomapp/domain/rds/kakaopay/chatbot/domain/model/KakaoPayChatBotTemplate.java	kakaopay_chat_bot_template	kakaopay_bot_template	chat	clear	rename_map 확정 (old=kakaopay_chat_bot_template)
/Users/justin/Projects/next-backend-entity-schema/bomapp-domain/rds/src/main/java/kr/co/bomapp/domain/rds/kakaopay/chatbot/domain/model/KakaoPayChatBotTemplateButton.java	kakaopay_chat_bot_template_button	kakaopay_bot_template_button	chat	clear	rename_map 확정 (old=kakaopay_chat_bot_template_button)
/Users/justin/Projects/next-backend-entity-schema/bomapp-domain/rds/src/main/java/kr/co/bomapp/domain/rds/kakaopay/chatmembertag/domain/model/KakaoPayChatMemberTag.java	kakaopay_chat_member_tag	kakaopay_member_tag	chat	clear	rename_map 확정 (old=kakaopay_chat_member_tag)
/Users/justin/Projects/next-backend-entity-schema/bomapp-domain/rds/src/main/java/kr/co/bomapp/domain/rds/kakaopay/chatmemo/domain/model/KakaoPayChatMemo.java	kakaopay_chat_memo	kakaopay_memo	chat	clear	rename_map 확정 (old=kakaopay_chat_memo)
/Users/justin/Projects/next-backend-entity-schema/bomapp-domain/rds/src/main/java/kr/co/bomapp/domain/rds/kakaopay/chatmessage/domain/model/KakaoPayChatButton.java	kakaopay_chat_button	kakaopay_button	chat	clear	rename_map 확정 (old=kakaopay_chat_button)
/Users/justin/Projects/next-backend-entity-schema/bomapp-domain/rds/src/main/java/kr/co/bomapp/domain/rds/kakaopay/chatmessage/domain/model/KakaoPayChatFile.java	kakaopay_chat_file	kakaopay_file	chat	clear	rename_map 확정 (old=kakaopay_chat_file)
/Users/justin/Projects/next-backend-entity-schema/bomapp-domain/rds/src/main/java/kr/co/bomapp/domain/rds/kakaopay/chatmessage/domain/model/KakaoPayChatImage.java	kakaopay_chat_image	kakaopay_image	chat	clear	rename_map 확정 (old=kakaopay_chat_image)
/Users/justin/Projects/next-backend-entity-schema/bomapp-domain/rds/src/main/java/kr/co/bomapp/domain/rds/kakaopay/chatmessage/domain/model/KakaoPayChatMessage.java	kakaopay_chat_message	kakaopay_message	chat	clear	rename_map 확정 (old=kakaopay_chat_message)
/Users/justin/Projects/next-backend-entity-schema/bomapp-domain/rds/src/main/java/kr/co/bomapp/domain/rds/kakaopay/chatmessage/domain/model/KakaoPayChatMessageResult.java	kakaopay_chat_message_result	kakaopay_message_result	chat	clear	rename_map 확정 (old=kakaopay_chat_message_result)
/Users/justin/Projects/next-backend-entity-schema/bomapp-domain/rds/src/main/java/kr/co/bomapp/domain/rds/kakaopay/chatroom/domain/model/KakaoPayChatConsultationHistory.java	kakaopay_chat_consultation_history	kakaopay_consultation_history	chat	clear	rename_map 확정 (old=kakaopay_chat_consultation_history)
/Users/justin/Projects/next-backend-entity-schema/bomapp-domain/rds/src/main/java/kr/co/bomapp/domain/rds/kakaopay/chatroom/domain/model/KakaoPayChatRoom.java	kakaopay_chat_room	kakaopay_room	chat	clear	rename_map 확정 (old=kakaopay_chat_room)
/Users/justin/Projects/next-backend-entity-schema/bomapp-domain/rds/src/main/java/kr/co/bomapp/domain/rds/kakaopay/chatroom/domain/model/KakaoPayChatRoomStatusHistory.java	kakaopay_chat_room_status_history	kakaopay_room_status_history	chat	clear	rename_map 확정 (old=kakaopay_chat_room_status_history)
/Users/justin/Projects/next-backend-entity-schema/bomapp-domain/rds/src/main/java/kr/co/bomapp/domain/rds/kakaopay/plannermember/domain/model/KakaoPayConsultation.java	kakaopay_consultation	kakaopay_consultation	chat	clear	rename_map 확정 (변경없음)
/Users/justin/Projects/next-backend-entity-schema/bomapp-domain/rds/src/main/java/kr/co/bomapp/domain/rds/kakaopay/plannermember/domain/model/KakaoPayConsultationCancelReason.java	kakaopay_consultation_cancel_reason	kakaopay_consultation_cancel_reason	chat	clear	rename_map 확정 (변경없음)
/Users/justin/Projects/next-backend-entity-schema/bomapp-domain/rds/src/main/java/kr/co/bomapp/domain/rds/kakaopay/plannermember/domain/model/KakaoPayConsultationStatusHistory.java	kakaopay_consultation_status_history	kakaopay_consultation_status_history	chat	clear	rename_map 확정 (변경없음)
/Users/justin/Projects/next-backend-entity-schema/bomapp-domain/rds/src/main/java/kr/co/bomapp/domain/rds/kakaopay/plannermember/domain/model/KakaoPayPlannerMember.java	kakaopay_planner_member	kakaopay_planner_member	bomapp_member	gap-retained	물리 잔류 확정(DMS 복제설정·신규 V1 DDL 미포함, 2026-07-14). 향후 서비스 스키마 분리 필요 시 DMS/rename_map 추가 후 재배정.
/Users/justin/Projects/next-backend-entity-schema/bomapp-domain/rds/src/main/java/kr/co/bomapp/domain/rds/kakaopay/userkey/domain/model/KakaoPayUserKey.java	kakao_kakaopay_member	kakao_kakaopay_member	chat	clear	rename_map 확정 (변경없음)
/Users/justin/Projects/next-backend-entity-schema/bomapp-domain/rds/src/main/java/kr/co/bomapp/domain/rds/log/notification/model/LogNotificationAlimTalk.java	log_notification_alimtalk	log_notification_alimtalk	messaging	clear	rename_map 확정 (변경없음)
/Users/justin/Projects/next-backend-entity-schema/bomapp-domain/rds/src/main/java/kr/co/bomapp/domain/rds/mydata/alimtalk/model/LogMyDataAlimtalkSend.java	log_my_data_alimtalk_send	log_alimtalk_send	mydata	clear	rename_map 확정 (old=log_my_data_alimtalk_send)
/Users/justin/Projects/next-backend-entity-schema/bomapp-domain/rds/src/main/java/kr/co/bomapp/domain/rds/mydata/auth/duplicate/MyDataMemberTokenDuplicate.java	my_data_member_token_duplicate	member_token_duplicate	mydata	clear	rename_map 확정 (old=my_data_member_token_duplicate)
/Users/justin/Projects/next-backend-entity-schema/bomapp-domain/rds/src/main/java/kr/co/bomapp/domain/rds/mydata/auth/MyDataMemberToken.java	my_data_member_token	member_token	mydata	clear	rename_map 확정 (old=my_data_member_token)
/Users/justin/Projects/next-backend-entity-schema/bomapp-domain/rds/src/main/java/kr/co/bomapp/domain/rds/mydata/auth/refresh/MyDataMemberTokenRefreshFail.java	my_data_member_token_refresh_fail	member_token_refresh_fail	mydata	clear	rename_map 확정 (old=my_data_member_token_refresh_fail)
/Users/justin/Projects/next-backend-entity-schema/bomapp-domain/rds/src/main/java/kr/co/bomapp/domain/rds/mydata/auth/reissue/LogMyDataMemberTokenReissue.java	log_my_data_member_token_reissue	log_member_token_reissue	mydata	clear	rename_map 확정 (old=log_my_data_member_token_reissue)
/Users/justin/Projects/next-backend-entity-schema/bomapp-domain/rds/src/main/java/kr/co/bomapp/domain/rds/mydata/common/LogMyDataApiRequest.java	log_my_data_api_request_v2	log_api_request_v2	mydata	clear	rename_map 확정 (old=log_my_data_api_request_v2)
/Users/justin/Projects/next-backend-entity-schema/bomapp-domain/rds/src/main/java/kr/co/bomapp/domain/rds/mydata/consent/MyDataMemberConsent.java	my_data_member_consents	member_consents	mydata	clear	rename_map 확정 (old=my_data_member_consents)
/Users/justin/Projects/next-backend-entity-schema/bomapp-domain/rds/src/main/java/kr/co/bomapp/domain/rds/mydata/detailqueue/MyDataDetailRequest.java	my_data_detail_request	detail_request	mydata	clear	rename_map 확정 (old=my_data_detail_request)
/Users/justin/Projects/next-backend-entity-schema/bomapp-domain/rds/src/main/java/kr/co/bomapp/domain/rds/mydata/detailqueue/queue/MyDataDetailRequestQueue.java	my_data_detail_request_queue	detail_request_queue	mydata	clear	rename_map 확정 (old=my_data_detail_request_queue)
/Users/justin/Projects/next-backend-entity-schema/bomapp-domain/rds/src/main/java/kr/co/bomapp/domain/rds/mydata/insurance/basic/general/insured/MyDataGeneralInsuranceInsured.java	my_data_insurance_general_insured	insurance_general_insured	mydata	clear	rename_map 확정 (old=my_data_insurance_general_insured)
/Users/justin/Projects/next-backend-entity-schema/bomapp-domain/rds/src/main/java/kr/co/bomapp/domain/rds/mydata/insurance/basic/general/MyDataGeneralInsuranceBasic.java	my_data_insurance_general_basic	insurance_general_basic	mydata	clear	rename_map 확정 (old=my_data_insurance_general_basic)
/Users/justin/Projects/next-backend-entity-schema/bomapp-domain/rds/src/main/java/kr/co/bomapp/domain/rds/mydata/insurance/basic/insured/MyDataInsuranceInsured.java	my_data_insurance_insured	insurance_insured	mydata	clear	rename_map 확정 (old=my_data_insurance_insured)
/Users/justin/Projects/next-backend-entity-schema/bomapp-domain/rds/src/main/java/kr/co/bomapp/domain/rds/mydata/insurance/basic/MyDataInsuranceBasic.java	my_data_insurance_basic	insurance_basic	mydata	clear	rename_map 확정 (old=my_data_insurance_basic)
/Users/justin/Projects/next-backend-entity-schema/bomapp-domain/rds/src/main/java/kr/co/bomapp/domain/rds/mydata/insurance/basic/MyDataInsuredBasic.java	my_data_insured_basic	insured_basic	mydata	clear	rename_map 확정 (old=my_data_insured_basic)
/Users/justin/Projects/next-backend-entity-schema/bomapp-domain/rds/src/main/java/kr/co/bomapp/domain/rds/mydata/insurance/car/MyDataInsuranceCar.java	my_data_insurance_car	insurance_car	mydata	clear	rename_map 확정 (old=my_data_insurance_car)
/Users/justin/Projects/next-backend-entity-schema/bomapp-domain/rds/src/main/java/kr/co/bomapp/domain/rds/mydata/insurance/contract/MyDataGeneralInsuranceContract.java	my_data_insurance_general_contract	insurance_general_contract	mydata	clear	rename_map 확정 (old=my_data_insurance_general_contract)
/Users/justin/Projects/next-backend-entity-schema/bomapp-domain/rds/src/main/java/kr/co/bomapp/domain/rds/mydata/insurance/contract/MyDataInsuranceContract.java	my_data_insurance_contract	insurance_contract	mydata	clear	rename_map 확정 (old=my_data_insurance_contract)
/Users/justin/Projects/next-backend-entity-schema/bomapp-domain/rds/src/main/java/kr/co/bomapp/domain/rds/mydata/insurance/contract/MyDataInsuredContract.java	my_data_insured_contract	insured_contract	mydata	clear	rename_map 확정 (old=my_data_insured_contract)
/Users/justin/Projects/next-backend-entity-schema/bomapp-domain/rds/src/main/java/kr/co/bomapp/domain/rds/mydata/insurance/MyDataInsurance.java	my_data_insurance	insurance	mydata	clear	rename_map 확정 (old=my_data_insurance)
/Users/justin/Projects/next-backend-entity-schema/bomapp-domain/rds/src/main/java/kr/co/bomapp/domain/rds/mydata/insurance/payment/MyDataInsurancePayment.java	my_data_insurance_payment	insurance_payment	mydata	clear	rename_map 확정 (old=my_data_insurance_payment)
/Users/justin/Projects/next-backend-entity-schema/bomapp-domain/rds/src/main/java/kr/co/bomapp/domain/rds/mydata/insurance/paymentaverage/model/MyDataInsurancePaymentAverage.java	my_data_insurance_payment_average	insurance_payment_average	mydata	clear	rename_map 확정 (old=my_data_insurance_payment_average)
/Users/justin/Projects/next-backend-entity-schema/bomapp-domain/rds/src/main/java/kr/co/bomapp/domain/rds/mydata/irp/MyDataIrp.java	my_data_irp	irp	mydata	clear	rename_map 확정 (old=my_data_irp)
/Users/justin/Projects/next-backend-entity-schema/bomapp-domain/rds/src/main/java/kr/co/bomapp/domain/rds/mydata/irp/MyDataIrpBasic.java	my_data_irp_basic	irp_basic	mydata	clear	rename_map 확정 (old=my_data_irp_basic)
/Users/justin/Projects/next-backend-entity-schema/bomapp-domain/rds/src/main/java/kr/co/bomapp/domain/rds/mydata/irp/MyDataIrpDetail.java	my_data_irp_detail	irp_detail	mydata	clear	rename_map 확정 (old=my_data_irp_detail)
/Users/justin/Projects/next-backend-entity-schema/bomapp-domain/rds/src/main/java/kr/co/bomapp/domain/rds/mydata/irp/MyDataIrpTransaction.java	my_data_irp_transaction	irp_transaction	mydata	clear	rename_map 확정 (old=my_data_irp_transaction)
/Users/justin/Projects/next-backend-entity-schema/bomapp-domain/rds/src/main/java/kr/co/bomapp/domain/rds/mydata/linkagecount/model/MyDataLinkageCount.java	my_data_linkage_count	linkage_count	mydata	clear	rename_map 확정 (old=my_data_linkage_count)
/Users/justin/Projects/next-backend-entity-schema/bomapp-domain/rds/src/main/java/kr/co/bomapp/domain/rds/mydata/org/apiversion/api/MyDataOrgApi.java	my_data_org_api	org_api	mydata	clear	rename_map 확정 (old=my_data_org_api)
/Users/justin/Projects/next-backend-entity-schema/bomapp-domain/rds/src/main/java/kr/co/bomapp/domain/rds/mydata/org/apiversion/MyDataOrgApiVersion.java	my_data_org_api_version	org_api_version	mydata	clear	rename_map 확정 (old=my_data_org_api_version)
/Users/justin/Projects/next-backend-entity-schema/bomapp-domain/rds/src/main/java/kr/co/bomapp/domain/rds/mydata/org/inspectiontime/MyDataOrgInspectionTime.java	my_data_org_inspection_time	org_inspection_time	mydata	clear	rename_map 확정 (old=my_data_org_inspection_time)
/Users/justin/Projects/next-backend-entity-schema/bomapp-domain/rds/src/main/java/kr/co/bomapp/domain/rds/mydata/org/MyDataOrg.java	my_data_org	org	mydata	clear	rename_map 확정 (old=my_data_org)
/Users/justin/Projects/next-backend-entity-schema/bomapp-domain/rds/src/main/java/kr/co/bomapp/domain/rds/mydata/org/MyDataOrgDomainIp.java	my_data_org_domain_ip	org_domain_ip	mydata	clear	rename_map 확정 (old=my_data_org_domain_ip)
/Users/justin/Projects/next-backend-entity-schema/bomapp-domain/rds/src/main/java/kr/co/bomapp/domain/rds/mydata/org/MyDataOrgIp.java	my_data_org_ip	org_ip	mydata	clear	rename_map 확정 (old=my_data_org_ip)
/Users/justin/Projects/next-backend-entity-schema/bomapp-domain/rds/src/main/java/kr/co/bomapp/domain/rds/mydata/org/scheduletime/MyDataOrgScheduleTime.java	my_data_org_schedule_time	org_schedule_time	mydata	clear	rename_map 확정 (old=my_data_org_schedule_time)
/Users/justin/Projects/next-backend-entity-schema/bomapp-domain/rds/src/main/java/kr/co/bomapp/domain/rds/mydata/refresh/MyDataRefreshMember.java	my_data_refresh_member	refresh_member	mydata	clear	rename_map 확정 (old=my_data_refresh_member)
/Users/justin/Projects/next-backend-entity-schema/bomapp-domain/rds/src/main/java/kr/co/bomapp/domain/rds/mydata/support/agreementhistory/MydataSupportAgreementHistory.java	my_data_support_agreement_history	support_agreement_history	mydata	clear	rename_map 확정 (old=my_data_support_agreement_history)
/Users/justin/Projects/next-backend-entity-schema/bomapp-domain/rds/src/main/java/kr/co/bomapp/domain/rds/mydata/support/mydatasignup/model/MyDataSignUpOrg.java	my_data_signup_org	signup_org	mydata	clear	rename_map 확정 (old=my_data_signup_org)
/Users/justin/Projects/next-backend-entity-schema/bomapp-domain/rds/src/main/java/kr/co/bomapp/domain/rds/mydata/support/statistics/MyDataManagementStatistics.java	my_data_management_statistics	management_statistics	mydata	clear	rename_map 확정 (old=my_data_management_statistics)
/Users/justin/Projects/next-backend-entity-schema/bomapp-domain/rds/src/main/java/kr/co/bomapp/domain/rds/mydata/support/statistics/MyDataManagementStatisticsUserCount.java	my_data_management_statistics_user_count	management_statistics_user_count	mydata	clear	rename_map 확정 (old=my_data_management_statistics_user_count)
/Users/justin/Projects/next-backend-entity-schema/bomapp-domain/rds/src/main/java/kr/co/bomapp/domain/rds/mydata/support/statistics/org/api/errorcount/MyDataManagementStatisticsOrgApiErrorCount.java	my_data_management_statistics_org_api_error_count	management_statistics_org_api_error_count	mydata	clear	rename_map 확정 (old=my_data_management_statistics_org_api_error_count)
/Users/justin/Projects/next-backend-entity-schema/bomapp-domain/rds/src/main/java/kr/co/bomapp/domain/rds/mydata/support/statistics/org/api/MyDataManagementStatisticsOrgApi.java	my_data_management_statistics_org_api	management_statistics_org_api	mydata	clear	rename_map 확정 (old=my_data_management_statistics_org_api)
/Users/justin/Projects/next-backend-entity-schema/bomapp-domain/rds/src/main/java/kr/co/bomapp/domain/rds/mydata/support/statistics/org/api/timeslot/MyDataManagementStatisticsOrgApiTimeSlot.java	my_data_management_statistics_org_api_time_slot	management_statistics_org_api_time_slot	mydata	clear	rename_map 확정 (old=my_data_management_statistics_org_api_time_slot)
/Users/justin/Projects/next-backend-entity-schema/bomapp-domain/rds/src/main/java/kr/co/bomapp/domain/rds/mydata/support/statistics/org/MyDataManagementStatisticsOrg.java	my_data_management_statistics_org	management_statistics_org	mydata	clear	rename_map 확정 (old=my_data_management_statistics_org)
/Users/justin/Projects/next-backend-entity-schema/bomapp-domain/rds/src/main/java/kr/co/bomapp/domain/rds/mydata/transaction/basic/MyDataInsuranceTransaction.java	my_data_insurance_transaction	insurance_transaction	mydata	clear	rename_map 확정 (old=my_data_insurance_transaction)
/Users/justin/Projects/next-backend-entity-schema/bomapp-domain/rds/src/main/java/kr/co/bomapp/domain/rds/mydata/transaction/car/MyDataInsuranceCarTransaction.java	my_data_insurance_car_transaction	insurance_car_transaction	mydata	clear	rename_map 확정 (old=my_data_insurance_car_transaction)
/Users/justin/Projects/next-backend-entity-schema/bomapp-domain/rds/src/main/java/kr/co/bomapp/domain/rds/mydata/transaction/general/MyDataGeneralInsuranceTransaction.java	my_data_insurance_general_transaction	insurance_general_transaction	mydata	clear	rename_map 확정 (old=my_data_insurance_general_transaction)
/Users/justin/Projects/next-backend-entity-schema/bomapp-domain/rds/src/main/java/kr/co/bomapp/domain/rds/notification/bnotification/BomappNotification.java	notification	notification	messaging	clear	rename_map 확정 (변경없음)
/Users/justin/Projects/next-backend-entity-schema/bomapp-domain/rds/src/main/java/kr/co/bomapp/domain/rds/notification/bnotification/BomappNotificationMessageSetting.java	notification_message_setting	notification_message_setting	messaging	clear	rename_map 확정 (변경없음)
/Users/justin/Projects/next-backend-entity-schema/bomapp-domain/rds/src/main/java/kr/co/bomapp/domain/rds/notification/bnotification/BomappNotificationRecipient.java	notification_recipient	notification_recipient	messaging	clear	rename_map 확정 (변경없음)
/Users/justin/Projects/next-backend-entity-schema/bomapp-domain/rds/src/main/java/kr/co/bomapp/domain/rds/open/LogOpenApiError.java	log_open_api_error	log_open_api_error	bomapp_member	gap-retained	open-api(open_*) 계열 — 5분할 대상 외, bomapp_member 잔류
/Users/justin/Projects/next-backend-entity-schema/bomapp-domain/rds/src/main/java/kr/co/bomapp/domain/rds/open/OpenClient.java	open_api_affiliate_client	open_api_affiliate_client	bomapp_member	gap-retained	open-api(open_*) 계열 — 5분할 대상 외, bomapp_member 잔류
/Users/justin/Projects/next-backend-entity-schema/bomapp-domain/rds/src/main/java/kr/co/bomapp/domain/rds/open/OpenMember.java	open_member	open_member	bomapp_member	gap-retained	open-api(open_*) 계열 — 5분할 대상 외, bomapp_member 잔류
/Users/justin/Projects/next-backend-entity-schema/bomapp-domain/rds/src/main/java/kr/co/bomapp/domain/rds/open/v3/InsuranceGuaranteeAnalysis.java	insurance_guarantee_analysis	insurance_guarantee_analysis	bomapp_member	gap-retained	open/v3 패키지(open-api 전용) — 5분할 대상 외, bomapp_member 잔류
/Users/justin/Projects/next-backend-entity-schema/bomapp-domain/rds/src/main/java/kr/co/bomapp/domain/rds/open/v3/longterm/LongTermInsurance.java	long_term_insurance	long_term_insurance	bomapp_member	gap-retained	open/v3 패키지(open-api 전용) — 5분할 대상 외, bomapp_member 잔류
/Users/justin/Projects/next-backend-entity-schema/bomapp-domain/rds/src/main/java/kr/co/bomapp/domain/rds/open/v3/longterm/LongTermInsurancePlan.java	long_term_insurance_plan	long_term_insurance_plan	bomapp_member	gap-retained	open/v3 패키지(open-api 전용) — 5분할 대상 외, bomapp_member 잔류
/Users/justin/Projects/next-backend-entity-schema/bomapp-domain/rds/src/main/java/kr/co/bomapp/domain/rds/open/v3/openapiaffiliate/LogOpenApiAffiliateInsuranceGuaranteeRequest.java	log_open_api_affiliate_insurance_guarantee_request	log_open_api_affiliate_insurance_guarantee_request	bomapp_member	gap-retained	open/v3/openapiaffiliate 패키지 — 5분할 대상 외, bomapp_member 잔류
/Users/justin/Projects/next-backend-entity-schema/bomapp-domain/rds/src/main/java/kr/co/bomapp/domain/rds/open/v3/openapiaffiliate/OpenApiAffiliateInsurance.java	open_api_affiliate_insurance	open_api_affiliate_insurance	bomapp_member	gap-retained	open/v3/openapiaffiliate 패키지 — 5분할 대상 외, bomapp_member 잔류
/Users/justin/Projects/next-backend-entity-schema/bomapp-domain/rds/src/main/java/kr/co/bomapp/domain/rds/open/v3/openapiaffiliate/OpenApiAffiliateInsuranceContract.java	open_api_affiliate_insurance_contract	open_api_affiliate_insurance_contract	bomapp_member	gap-retained	open/v3/openapiaffiliate 패키지 — 5분할 대상 외, bomapp_member 잔류
/Users/justin/Projects/next-backend-entity-schema/bomapp-domain/rds/src/main/java/kr/co/bomapp/domain/rds/open/v3/openapiaffiliate/OpenApiAffiliateInsuranceGuarantee.java	open_api_affiliate_insurance_guarantee	open_api_affiliate_insurance_guarantee	bomapp_member	gap-retained	open/v3/openapiaffiliate 패키지 — 5분할 대상 외, bomapp_member 잔류
/Users/justin/Projects/next-backend-entity-schema/bomapp-domain/rds/src/main/java/kr/co/bomapp/domain/rds/open/v3/openapiaffiliate/OpenApiAffiliateInsuranceGuaranteeAnalysis.java	open_api_affiliate_insurance_guarantee_analysis	open_api_affiliate_insurance_guarantee_analysis	bomapp_member	gap-retained	open/v3/openapiaffiliate 패키지 — 5분할 대상 외, bomapp_member 잔류
/Users/justin/Projects/next-backend-entity-schema/bomapp-domain/rds/src/main/java/kr/co/bomapp/domain/rds/open/v3/openapiaffiliate/OpenApiAffiliateMember.java	open_api_affiliate_member	open_api_affiliate_member	bomapp_member	gap-retained	open/v3/openapiaffiliate 패키지 — 5분할 대상 외, bomapp_member 잔류
/Users/justin/Projects/next-backend-entity-schema/bomapp-domain/rds/src/main/java/kr/co/bomapp/domain/rds/open/v3/SaasCustomer.java	saas_customer	saas_customer	bomapp_member	gap-retained	open/v3 패키지(open-api 전용 SaaS 고객) — 5분할 대상 외, bomapp_member 잔류
/Users/justin/Projects/next-backend-entity-schema/bomapp-domain/rds/src/main/java/kr/co/bomapp/domain/rds/planner/consultation/allocationhistory/ConsultationAllocationHistory.java	w_consultation_allocation_history	consultation_allocation_history	planner	clear	rename_map 확정 (old=w_consultation_allocation_history)
/Users/justin/Projects/next-backend-entity-schema/bomapp-domain/rds/src/main/java/kr/co/bomapp/domain/rds/planner/consultation/allocationsetting/ConsultationAllocationSetting.java	w_consultation_allocation_setting	consultation_allocation_setting	planner	clear	rename_map 확정 (old=w_consultation_allocation_setting)
/Users/justin/Projects/next-backend-entity-schema/bomapp-domain/rds/src/main/java/kr/co/bomapp/domain/rds/planner/consultation/applyhistory/ConsultationApplyHistory.java	w_consultation_apply_history	consultation_apply_history	planner	clear	rename_map 확정 (old=w_consultation_apply_history)
/Users/justin/Projects/next-backend-entity-schema/bomapp-domain/rds/src/main/java/kr/co/bomapp/domain/rds/planner/consultation/cancelReason/ConsultationCancelReason.java	w_consultation_cancel_reason	consultation_cancel_reason	planner	clear	rename_map 확정 (old=w_consultation_cancel_reason)
/Users/justin/Projects/next-backend-entity-schema/bomapp-domain/rds/src/main/java/kr/co/bomapp/domain/rds/planner/consultation/CocoConsultation.java	w_consultation	consultation	planner	clear	rename_map 확정 (old=w_consultation)
/Users/justin/Projects/next-backend-entity-schema/bomapp-domain/rds/src/main/java/kr/co/bomapp/domain/rds/planner/consultation/statushistory/ConsultationStatusHistory.java	w_consultation_status_history	consultation_status_history	planner	clear	rename_map 확정 (old=w_consultation_status_history)
/Users/justin/Projects/next-backend-entity-schema/bomapp-domain/rds/src/main/java/kr/co/bomapp/domain/rds/planner/corporation/Corporation.java	w_corporation	corporation	planner	clear	rename_map 확정 (old=w_corporation)
/Users/justin/Projects/next-backend-entity-schema/bomapp-domain/rds/src/main/java/kr/co/bomapp/domain/rds/planner/corporation/onedepth/OneDepth.java	w_corp_one_depth	corp_one_depth	planner	clear	rename_map 확정 (old=w_corp_one_depth)
/Users/justin/Projects/next-backend-entity-schema/bomapp-domain/rds/src/main/java/kr/co/bomapp/domain/rds/planner/corporation/organization/Organization.java	w_corp_organization	corp_organization	planner	clear	rename_map 확정 (old=w_corp_organization)
/Users/justin/Projects/next-backend-entity-schema/bomapp-domain/rds/src/main/java/kr/co/bomapp/domain/rds/planner/corporation/role/RoleCorp.java	w_role_corp	role_corp	planner	clear	rename_map 확정 (old=w_role_corp)
/Users/justin/Projects/next-backend-entity-schema/bomapp-domain/rds/src/main/java/kr/co/bomapp/domain/rds/planner/corporation/role/rolemapping/RoleMapping.java	w_role_mapping	role_mapping	planner	clear	rename_map 확정 (old=w_role_mapping)
/Users/justin/Projects/next-backend-entity-schema/bomapp-domain/rds/src/main/java/kr/co/bomapp/domain/rds/planner/corporation/role/RolePlanner.java	w_role_planner	role_planner	planner	clear	rename_map 확정 (old=w_role_planner)
/Users/justin/Projects/next-backend-entity-schema/bomapp-domain/rds/src/main/java/kr/co/bomapp/domain/rds/planner/corporation/threedepth/ThreeDepth.java	w_corp_three_depth	corp_three_depth	planner	clear	rename_map 확정 (old=w_corp_three_depth)
/Users/justin/Projects/next-backend-entity-schema/bomapp-domain/rds/src/main/java/kr/co/bomapp/domain/rds/planner/corporation/twodepth/TwoDepth.java	w_corp_two_depth	corp_two_depth	planner	clear	rename_map 확정 (old=w_corp_two_depth)
/Users/justin/Projects/next-backend-entity-schema/bomapp-domain/rds/src/main/java/kr/co/bomapp/domain/rds/planner/emergencynotice/domain/EmergencyNotice.java	planner_emergency_notice	planner_emergency_notice	bomapp_member	gap-retained	물리 잔류 확정(DMS 복제설정·신규 V1 DDL 미포함, 2026-07-14). 향후 서비스 스키마 분리 필요 시 DMS/rename_map 추가 후 재배정.
/Users/justin/Projects/next-backend-entity-schema/bomapp-domain/rds/src/main/java/kr/co/bomapp/domain/rds/planner/faq/Faq.java	w_faq	faq	planner	clear	rename_map 확정 (old=w_faq)
/Users/justin/Projects/next-backend-entity-schema/bomapp-domain/rds/src/main/java/kr/co/bomapp/domain/rds/planner/insurer/bookmark/InsurerBookmark.java	w_insurer_bookmark	insurer_bookmark	planner	clear	rename_map 확정 (old=w_insurer_bookmark)
/Users/justin/Projects/next-backend-entity-schema/bomapp-domain/rds/src/main/java/kr/co/bomapp/domain/rds/planner/insurer/domain/Insurer.java	w_insurer	insurer	planner	clear	rename_map 확정 (old=w_insurer)
/Users/justin/Projects/next-backend-entity-schema/bomapp-domain/rds/src/main/java/kr/co/bomapp/domain/rds/planner/insurerarchive/domain/InsurerArchive.java	w_insurer_archive	insurer_archive	planner	clear	rename_map 확정 (old=w_insurer_archive)
/Users/justin/Projects/next-backend-entity-schema/bomapp-domain/rds/src/main/java/kr/co/bomapp/domain/rds/planner/insurerarchivesupport/domain/InsurerArchiveSupport.java	w_insurer_archive_support	insurer_archive_support	planner	clear	rename_map 확정 (old=w_insurer_archive_support)
/Users/justin/Projects/next-backend-entity-schema/bomapp-domain/rds/src/main/java/kr/co/bomapp/domain/rds/planner/insurerarchivesupport/domain/InsurerArchiveSupportCategory.java	w_insurer_archive_support_category	insurer_archive_support_category	planner	clear	rename_map 확정 (old=w_insurer_archive_support_category)
/Users/justin/Projects/next-backend-entity-schema/bomapp-domain/rds/src/main/java/kr/co/bomapp/domain/rds/planner/insurerarchivesupport/domain/InsurerArchiveSupportFile.java	w_insurer_archive_support_file	insurer_archive_support_file	planner	clear	rename_map 확정 (old=w_insurer_archive_support_file)
/Users/justin/Projects/next-backend-entity-schema/bomapp-domain/rds/src/main/java/kr/co/bomapp/domain/rds/planner/marketing/MarketingAgree.java	w_marketing_agree	marketing_agree	planner	clear	rename_map 확정 (old=w_marketing_agree)
/Users/justin/Projects/next-backend-entity-schema/bomapp-domain/rds/src/main/java/kr/co/bomapp/domain/rds/planner/memo/Memo.java	w_memo	memo	planner	clear	rename_map 확정 (old=w_memo)
/Users/justin/Projects/next-backend-entity-schema/bomapp-domain/rds/src/main/java/kr/co/bomapp/domain/rds/planner/notice/domain/NoticeCategory.java	planner_notice_category	planner_notice_category	bomapp_member	gap-retained	물리 잔류 확정(DMS 복제설정·신규 V1 DDL 미포함, 2026-07-14). 향후 서비스 스키마 분리 필요 시 DMS/rename_map 추가 후 재배정.
/Users/justin/Projects/next-backend-entity-schema/bomapp-domain/rds/src/main/java/kr/co/bomapp/domain/rds/planner/notice/domain/PlannerNotice.java	planner_notice	planner_notice	bomapp_member	gap-retained	물리 잔류 확정(DMS 복제설정·신규 V1 DDL 미포함, 2026-07-14). 향후 서비스 스키마 분리 필요 시 DMS/rename_map 추가 후 재배정.
/Users/justin/Projects/next-backend-entity-schema/bomapp-domain/rds/src/main/java/kr/co/bomapp/domain/rds/planner/notice/domain/PlannerNoticeAttachment.java	planner_notice_attachment	planner_notice_attachment	bomapp_member	gap-retained	물리 잔류 확정(DMS 복제설정·신규 V1 DDL 미포함, 2026-07-14). 향후 서비스 스키마 분리 필요 시 DMS/rename_map 추가 후 재배정.
/Users/justin/Projects/next-backend-entity-schema/bomapp-domain/rds/src/main/java/kr/co/bomapp/domain/rds/planner/notification/model/Notification.java	w_notification	notification	planner	clear	rename_map 확정 (old=w_notification)
/Users/justin/Projects/next-backend-entity-schema/bomapp-domain/rds/src/main/java/kr/co/bomapp/domain/rds/planner/planner/mainforceproduct/PlannerMainForceProduct.java	w_planner_main_force_product	planner_main_force_product	planner	clear	rename_map 확정 (old=w_planner_main_force_product)
/Users/justin/Projects/next-backend-entity-schema/bomapp-domain/rds/src/main/java/kr/co/bomapp/domain/rds/planner/planner/Planner.java	w_planner	planner	planner	clear	rename_map 확정 (old=w_planner)
/Users/justin/Projects/next-backend-entity-schema/bomapp-domain/rds/src/main/java/kr/co/bomapp/domain/rds/planner/plannermember/PlannerMember.java	w_planner_member	planner_member	planner	clear	rename_map 확정 (old=w_planner_member)
/Users/justin/Projects/next-backend-entity-schema/bomapp-domain/rds/src/main/java/kr/co/bomapp/domain/rds/planner/policyagree/PolicyAgree.java	w_policy_agree	policy_agree	planner	clear	rename_map 확정 (old=w_policy_agree)
/Users/justin/Projects/next-backend-entity-schema/bomapp-domain/rds/src/main/java/kr/co/bomapp/domain/rds/planner/premium/PlannerInsurancePremium.java	w_planner_insurance_premium	planner_insurance_premium	planner	clear	rename_map 확정 (old=w_planner_insurance_premium)
/Users/justin/Projects/next-backend-entity-schema/bomapp-domain/rds/src/main/java/kr/co/bomapp/domain/rds/planner/profile/model/PlannerProfile.java	planner_profile	planner_profile	planner	clear	rename_map 확정 (변경없음)
/Users/justin/Projects/next-backend-entity-schema/bomapp-domain/rds/src/main/java/kr/co/bomapp/domain/rds/planner/profile/model/PlannerProfileFeaturedProduct.java	planner_profile_featured_product	planner_profile_featured_product	planner	clear	rename_map 확정 (변경없음)
/Users/justin/Projects/next-backend-entity-schema/bomapp-domain/rds/src/main/java/kr/co/bomapp/domain/rds/planner/recommendamount/bomapp/model/RecommendAmountDefault.java	recommend_amount_default	recommend_amount_default	bomapp_member	gap-retained	물리 잔류 확정(DMS 복제설정·신규 V1 DDL 미포함, 2026-07-14). 향후 서비스 스키마 분리 필요 시 DMS/rename_map 추가 후 재배정.
/Users/justin/Projects/next-backend-entity-schema/bomapp-domain/rds/src/main/java/kr/co/bomapp/domain/rds/planner/recommendamount/member/model/RecommendAmountMember.java	recommend_amount_member	recommend_amount_member	planner	clear	rename_map 확정 (변경없음)
/Users/justin/Projects/next-backend-entity-schema/bomapp-domain/rds/src/main/java/kr/co/bomapp/domain/rds/planner/recommendamount/planner/model/RecommendAmountPlanner.java	recommend_amount_planner	recommend_amount_planner	planner	clear	rename_map 확정 (변경없음)
/Users/justin/Projects/next-backend-entity-schema/bomapp-domain/rds/src/main/java/kr/co/bomapp/domain/rds/planner/tracker/WTracker.java	w_user_action_log	user_action_log	planner	clear	rename_map 확정 (old=w_user_action_log)
/Users/justin/Projects/next-backend-entity-schema/bomapp-domain/rds/src/main/java/kr/co/bomapp/domain/rds/schedulercronconfig/model/SchedulerCronConfig.java	scheduler_cron_config	scheduler_cron_config	bomapp_member	gap-retained	물리 잔류 확정(DMS 복제설정·신규 V1 DDL 미포함, 2026-07-14). 향후 서비스 스키마 분리 필요 시 DMS/rename_map 추가 후 재배정.
